{
  "energies": [
    2.802522726443674, -1.2931021060206285, -1.3748717680507467, -1.7102668445298388,
    -2.006059820152558, -2.009540457230926, -2.0329711946864273, -2.039205981757365,
    -2.084335577064125, -2.095484162867136, -2.0966676350611704, -2.3462229483846078,
    -2.5579794678132917, -2.8162429401150746, -2.8237411823414993, -2.9488755412426437,
    -2.9742140830766455, -2.9831711911372834, -2.983516206091749, -2.9835522310925278
  ],
  "initial_forces": [
    [51.024657952025045, 0.671220570537253, 0],
    [-12.134364422845064, 49.56534531534162, 0],
    [-38.89029352917998, -50.23656588587887, 0]
  ]
}
